Admin,Hathaithip,admin1,123456,profile-user.png,16-03-2023,20:23:46
Admin,Hathaichanok,admin2,123456,profile-user.png,15-02-2023,21:25:30
Staff,Puttipong,Boat12,Boat123,cute.jpg,15-03-2023,05:24:51
Staff,Prayut,Prayut,123456,profile-user.png,17-03-2023,13:13:41
Staff,putita,putita,putita45,profile-user.png,17-03-2023,16:33:54
User,Somsri,Somsri,Somsri123,profile-user.png,15-03-2023,05:40:26
User,Prawit,Prawit,123456,ped.jpg,16-03-2023,19:59:18
User,Chalida,Ploy12,Ploy123,yoona.jpg,16-03-2023,19:58:00
User,Nuttapong,Ryu1234,Ryu1234,tor.jpg,15-03-2023,05:35:05
User,Phonburis,Chutterza,123456,2023-03-16_1678972507405.jpg,16-03-2023,20:13:20
